"",Cell_Line,Compound,Doses,IC50
"1",7860,17AAG,,
"2",A549,17AAG,".0025,.0080,.025,.080,.25,.80,2.53,8",0.06676174
"3",ACHN,17AAG,".0025,.0080,.025,.080,.25,.80,2.53,8",0.678260922
"4",BT549,17AAG,".0025,.0080,.025,.080,.25,.80,2.53,8",0.020397235
"5",COLO205,17AAG,".0025,.0080,.025,.080,.25,.80,2.53,8",0.014756449
"6",DU145,17AAG,".0025,.0080,.025,.080,.25,.80,2.53,8",0.044969238
"7",HCT116,17AAG,".0025,.0080,.025,.080,.25,.80,2.53,8",0.202989653
"8",HCT15,17AAG,".0025,.0080,.025,.080,.25,.80,2.53,8",0.592416525
"9",HS578T,17AAG,".0025,.0080,.025,.080,.25,.80,2.53,8",0.062882334
"10",HT29,17AAG,".0025,.0080,.025,.080,.25,.80,2.53,8",0.016734079
"11",IGROV1,17AAG,".0025,.0080,.025,.080,.25,.80,2.53,8",0.491089851
"12",LOXIMVI,17AAG,".0025,.0080,.025,.080,.25,.80,2.53,8",0.18541798
"13",MALME3M,17AAG,".0025,.0080,.025,.080,.25,.80,2.53,8",0.090723187
"14",MCF7,17AAG,".0025,.0080,.025,.080,.25,.80,2.53,8",0.01876104
"15",MDAMB468,17AAG,".0025,.0080,.025,.080,.25,.80,2.53,8",0.367030263
"16",NCIH226,17AAG,".0025,.0080,.025,.080,.25,.80,2.53,8",8
"17",NCIH23,17AAG,".0025,.0080,.025,.080,.25,.80,2.53,8",0.046550732
"18",NCIH460,17AAG,".0025,.0080,.025,.080,.25,.80,2.53,8",0.0637509
"19",NCIH522,17AAG,".0025,.0080,.025,.080,.25,.80,2.53,8",0.079639822
"20",OVCAR4,17AAG,".0025,.0080,.025,.080,.25,.80,2.53,8",0.459155321
"21",OVCAR8,17AAG,".0025,.0080,.025,.080,.25,.80,2.53,8",0.146128953
"22",PC3,17AAG,".0025,.0080,.025,.080,.25,.80,2.53,8",0.388138115
"23",SF295,17AAG,".0025,.0080,.025,.080,.25,.80,2.53,8",0.171886235
"24",SKMEL2,17AAG,".0025,.0080,.025,.080,.25,.80,2.53,8",8
"25",SKMEL5,17AAG,".0025,.0080,.025,.080,.25,.80,2.53,8",0.210538805
"26",SKOV3,17AAG,".0025,.0080,.025,.080,.25,.80,2.53,8",0.117106043
"27",SW620,17AAG,".0025,.0080,.025,.080,.25,.80,2.53,8",0.03864982
"28",T47D,17AAG,".0025,.0080,.025,.080,.25,.80,2.53,8",1.789526105
"29",UACC257,17AAG,".0025,.0080,.025,.080,.25,.80,2.53,8",0.176819474
"30",UACC62,17AAG,".0025,.0080,.025,.080,.25,.80,2.53,8",0.063543618
"31",7860,ERLOTINIB,,
"32",A549,ERLOTINIB,".0025,.0080,.025,.080,.25,.80,2.53,8",8
"33",ACHN,ERLOTINIB,".0025,.0080,.025,.080,.25,.80,2.53,8",4.997091293
"34",BT549,ERLOTINIB,".0025,.0080,.025,.080,.25,.80,2.53,8",8
"35",COLO205,ERLOTINIB,".0025,.0080,.025,.080,.25,.80,2.53,8",8
"36",DU145,ERLOTINIB,".0025,.0080,.025,.080,.25,.80,2.53,8",5.400847912
"37",HCT116,ERLOTINIB,".0025,.0080,.025,.080,.25,.80,2.53,8",8
"38",HCT15,ERLOTINIB,".0025,.0080,.025,.080,.25,.80,2.53,8",8
"39",HS578T,ERLOTINIB,".0025,.0080,.025,.080,.25,.80,2.53,8",8
"40",HT29,ERLOTINIB,".0025,.0080,.025,.080,.25,.80,2.53,8",8
"41",IGROV1,ERLOTINIB,".0025,.0080,.025,.080,.25,.80,2.53,8",8
"42",LOXIMVI,ERLOTINIB,".0025,.0080,.025,.080,.25,.80,2.53,8",8
"43",MALME3M,ERLOTINIB,".0025,.0080,.025,.080,.25,.80,2.53,8",8
"44",MCF7,ERLOTINIB,".0025,.0080,.025,.080,.25,.80,2.53,8",8
"45",MDAMB468,ERLOTINIB,".0025,.0080,.025,.080,.25,.80,2.53,8",1.153329258
"46",NCIH226,ERLOTINIB,".0025,.0080,.025,.080,.25,.80,2.53,8",8
"47",NCIH23,ERLOTINIB,".0025,.0080,.025,.080,.25,.80,2.53,8",8
"48",NCIH460,ERLOTINIB,".0025,.0080,.025,.080,.25,.80,2.53,8",8
"49",NCIH522,ERLOTINIB,".0025,.0080,.025,.080,.25,.80,2.53,8",8
"50",OVCAR4,ERLOTINIB,".0025,.0080,.025,.080,.25,.80,2.53,8",8
"51",OVCAR8,ERLOTINIB,".0080,.025,.080,.25,.80,2.53,8",8
"52",PC3,ERLOTINIB,".0025,.0080,.025,.080,.25,.80,2.53,8",8
"53",SF295,ERLOTINIB,".0025,.0080,.025,.080,.25,.80,2.53,8",8
"54",SKMEL2,ERLOTINIB,".0025,.0080,.025,.080,.25,.80,2.53,8",8
"55",SKMEL5,ERLOTINIB,".0025,.0080,.025,.080,.25,.80,2.53,8",8
"56",SKOV3,ERLOTINIB,".0025,.0080,.025,.080,.25,.80,2.53,8",8
"57",SW620,ERLOTINIB,".0025,.0080,.025,.080,.25,.80,2.53,8",8
"58",T47D,ERLOTINIB,".0025,.0080,.025,.080,.25,.80,2.53,8",8
"59",UACC257,ERLOTINIB,".0025,.0080,.025,.080,.25,.80,2.53,8",8
"60",UACC62,ERLOTINIB,".0025,.0080,.025,.080,.25,.80,2.53,8",8
"61",7860,IRINOTECAN,,
"62",A549,IRINOTECAN,".0025,.0080,.025,.080,.25,.80,2.53,8",0.412400216
"63",ACHN,IRINOTECAN,,
"64",BT549,IRINOTECAN,".0025,.0080,.025,.080,.25,.80,2.53,8",0.124761164
"65",COLO205,IRINOTECAN,,
"66",DU145,IRINOTECAN,".0025,.0080,.025,.080,.25,.80,2.53,8",0.198496774
"67",HCT116,IRINOTECAN,".0025,.0080,.025,.080,.25,.80,2.53,8",0.276744455
"68",HCT15,IRINOTECAN,".0025,.0080,.025,.080,.25,.80,2.53,8",0.26266107
"69",HS578T,IRINOTECAN,,
"70",HT29,IRINOTECAN,".0025,.0080,.025,.080,.25,.80,2.53,8",0.301147372
"71",IGROV1,IRINOTECAN,".0025,.0080,.025,.080,.25,.80,2.53,8",0.793657839
"72",LOXIMVI,IRINOTECAN,,
"73",MALME3M,IRINOTECAN,".0025,.0080,.025,.080,.25,.80,2.53,8",1.857961059
"74",MCF7,IRINOTECAN,".0025,.0080,.025,.080,.25,.80,2.53,8",0.402109355
"75",MDAMB468,IRINOTECAN,".0025,.0080,.025,.080,.25,.80,2.53,8",0.164094135
"76",NCIH226,IRINOTECAN,,
"77",NCIH23,IRINOTECAN,,
"78",NCIH460,IRINOTECAN,,
"79",NCIH522,IRINOTECAN,".0025,.0080,.025,.080,.25,.80,2.53,8",0.791150272
"80",OVCAR4,IRINOTECAN,".0025,.0080,.025,.080,.25,.80,2.53,8",1.580782056
"81",OVCAR8,IRINOTECAN,".0025,.0080,.025,.080,.25,.80,2.53,8",0.076275177
"82",PC3,IRINOTECAN,".0025,.0080,.025,.080,.25,.80,2.53,8",0.391232997
"83",SF295,IRINOTECAN,".0025,.0080,.025,.080,.25,.80,2.53,8",0.196908399
"84",SKMEL2,IRINOTECAN,".0025,.0080,.025,.080,.25,.80,2.53,8",0.855546892
"85",SKMEL5,IRINOTECAN,".0025,.0080,.025,.080,.25,.80,2.53,8",0.169432431
"86",SKOV3,IRINOTECAN,".0025,.0080,.025,.080,.25,.80,2.53,8",0.300980896
"87",SW620,IRINOTECAN,".0025,.0080,.025,.080,.25,.80,2.53,8",0.099334568
"88",T47D,IRINOTECAN,,
"89",UACC257,IRINOTECAN,,
"90",UACC62,IRINOTECAN,,
"91",7860,LAPATINIB,,
"92",A549,LAPATINIB,".0025,.0080,.025,.080,.25,.80,2.53,8",4.227246284
"93",ACHN,LAPATINIB,".0025,.0080,.025,.080,.25,.80,2.53,8",8
"94",BT549,LAPATINIB,".0025,.0080,.025,.080,.25,.80,2.53,8",8
"95",COLO205,LAPATINIB,".0025,.0080,.025,.080,.25,.80,2.53,8",8
"96",DU145,LAPATINIB,".0025,.0080,.025,.080,.25,.80,2.53,8",8
"97",HCT116,LAPATINIB,".0025,.0080,.025,.080,.25,.80,2.53,8",8
"98",HCT15,LAPATINIB,".0025,.0080,.025,.080,.25,.80,2.53,8",4.666832924
"99",HS578T,LAPATINIB,".0025,.0080,.025,.080,.25,.80,2.53,8",8
"100",HT29,LAPATINIB,".0025,.0080,.025,.080,.25,.80,2.53,8",5.884946823
"101",IGROV1,LAPATINIB,".0025,.0080,.025,.080,.25,.80,2.53,8",8
"102",LOXIMVI,LAPATINIB,".0025,.0080,.025,.080,.25,.80,2.53,8",8
"103",MALME3M,LAPATINIB,".0025,.0080,.025,.080,.25,.80,2.53,8",7.32541132
"104",MCF7,LAPATINIB,".0025,.0080,.025,.080,.25,.80,2.53,8",2.845193863
"105",MDAMB468,LAPATINIB,".0025,.0080,.025,.080,.25,.80,2.53,8",2.312558651
"106",NCIH226,LAPATINIB,".0025,.0080,.025,.080,.25,.80,2.53,8",8
"107",NCIH23,LAPATINIB,".0025,.0080,.025,.080,.25,.80,2.53,8",8
"108",NCIH460,LAPATINIB,".0025,.0080,.025,.080,.25,.80,2.53,8",8
"109",NCIH522,LAPATINIB,".0025,.0080,.025,.080,.25,.80,2.53,8",8
"110",OVCAR4,LAPATINIB,".0025,.0080,.025,.080,.25,.80,2.53,8",8
"111",OVCAR8,LAPATINIB,".0025,.0080,.025,.080,.25,.80,2.53,8",5.095930576
"112",PC3,LAPATINIB,".0025,.0080,.025,.080,.25,.80,2.53,8",8
"113",SF295,LAPATINIB,".0025,.0080,.025,.080,.25,.80,2.53,8",8
"114",SKMEL2,LAPATINIB,".0025,.0080,.025,.080,.25,.80,2.53,8",8
"115",SKMEL5,LAPATINIB,".0025,.0080,.025,.080,.25,.80,2.53,8",8
"116",SKOV3,LAPATINIB,".0025,.0080,.025,.080,.25,.80,2.53,8",0.983712375
"117",SW620,LAPATINIB,".0025,.0080,.025,.080,.25,.80,2.53,8",8
"118",T47D,LAPATINIB,".0025,.0080,.025,.080,.25,.80,2.53,8",8
"119",UACC257,LAPATINIB,".0025,.0080,.025,.080,.25,.80,2.53,8",8
"120",UACC62,LAPATINIB,".0025,.0080,.025,.080,.25,.80,2.53,8",8
"121",7860,NILOTINIB,,
"122",A549,NILOTINIB,".0025,.0080,.025,.080,.25,.80,2.53,8",6.0388937
"123",ACHN,NILOTINIB,,
"124",BT549,NILOTINIB,".0025,.0080,.025,.080,.25,.80,2.53,8",8
"125",COLO205,NILOTINIB,".0025,.0080,.025,.080,.25,.80,2.53,8",8
"126",DU145,NILOTINIB,".0025,.0080,.025,.080,.25,.80,2.53,8",8
"127",HCT116,NILOTINIB,".0025,.0080,.025,.080,.25,.80,2.53,8",8
"128",HCT15,NILOTINIB,".0025,.0080,.025,.080,.25,.80,2.53,8",6.496217728
"129",HS578T,NILOTINIB,".0025,.0080,.025,.080,.25,.80,2.53,8",8
"130",HT29,NILOTINIB,".0025,.0080,.025,.080,.25,.80,2.53,8",8
"131",IGROV1,NILOTINIB,".0025,.0080,.025,.080,.25,.80,2.53,8",8
"132",LOXIMVI,NILOTINIB,,
"133",MALME3M,NILOTINIB,".0025,.0080,.025,.080,.25,.80,2.53,8",4.411684036
"134",MCF7,NILOTINIB,".0025,.0080,.025,.080,.25,.80,2.53,8",8
"135",MDAMB468,NILOTINIB,".0025,.0080,.025,.080,.25,.80,2.53,8",4.322463036
"136",NCIH226,NILOTINIB,".0025,.0080,.025,.080,.25,.80,2.53,8",8
"137",NCIH23,NILOTINIB,".0025,.0080,.025,.080,.25,.80,2.53,8",7.43892622
"138",NCIH460,NILOTINIB,,
"139",NCIH522,NILOTINIB,".0025,.0080,.025,.080,.25,.80,2.53,8",8
"140",OVCAR4,NILOTINIB,".0025,.0080,.025,.080,.25,.80,2.53,8",8
"141",OVCAR8,NILOTINIB,".0025,.0080,.025,.080,.25,.80,2.53,8",7.570580006
"142",PC3,NILOTINIB,".0025,.0080,.025,.080,.25,.80,2.53,8",8
"143",SF295,NILOTINIB,".0025,.0080,.025,.080,.25,.80,2.53,8",8
"144",SKMEL2,NILOTINIB,".0025,.0080,.025,.080,.25,.80,2.53,8",8
"145",SKMEL5,NILOTINIB,".0025,.0080,.025,.080,.25,.80,2.53,8",8
"146",SKOV3,NILOTINIB,".0025,.0080,.025,.080,.25,.80,2.53,8",8
"147",SW620,NILOTINIB,".0025,.0080,.025,.080,.25,.80,2.53,8",8
"148",T47D,NILOTINIB,".0025,.0080,.025,.080,.25,.80,2.53,8",8
"149",UACC257,NILOTINIB,,
"150",UACC62,NILOTINIB,,
"151",7860,NUTLIN3,,
"152",A549,NUTLIN3,".0025,.0080,.025,.080,.25,.80,2.53,8",8
"153",ACHN,NUTLIN3,".0025,.0080,.025,.080,.25,.80,2.53,8",8
"154",BT549,NUTLIN3,".0025,.0080,.025,.080,.25,.80,2.53,8",8
"155",COLO205,NUTLIN3,".0025,.0080,.025,.080,.25,.80,2.53,8",8
"156",DU145,NUTLIN3,".0025,.0080,.025,.080,.25,.80,2.53,8",8
"157",HCT116,NUTLIN3,".0025,.0080,.025,.080,.25,.80,2.53,8",8
"158",HCT15,NUTLIN3,".0025,.0080,.025,.080,.25,.80,2.53,8",8
"159",HS578T,NUTLIN3,".0025,.0080,.025,.080,.25,.80,2.53,8",8
"160",HT29,NUTLIN3,".0025,.0080,.025,.080,.25,.80,2.53,8",8
"161",IGROV1,NUTLIN3,".0025,.0080,.025,.080,.25,.80,2.53,8",8
"162",LOXIMVI,NUTLIN3,".0025,.0080,.025,.080,.25,.80,2.53,8",8
"163",MALME3M,NUTLIN3,".0025,.0080,.025,.080,.25,.80,2.53,8",8
"164",MCF7,NUTLIN3,".0025,.0080,.025,.080,.25,.80,2.53,8",8
"165",MDAMB468,NUTLIN3,".0025,.0080,.025,.080,.25,.80,2.53,8",8
"166",NCIH226,NUTLIN3,".0025,.0080,.025,.080,.25,.80,2.53,8",8
"167",NCIH23,NUTLIN3,".0025,.0080,.025,.080,.25,.80,2.53,8",8
"168",NCIH460,NUTLIN3,".0025,.0080,.025,.080,.25,.80,2.53,8",8
"169",NCIH522,NUTLIN3,".0025,.0080,.025,.080,.25,.80,2.53,8",8
"170",OVCAR4,NUTLIN3,".0025,.0080,.025,.080,.25,.80,2.53,8",8
"171",OVCAR8,NUTLIN3,".0025,.0080,.025,.080,.25,.80,2.53,8",8
"172",PC3,NUTLIN3,".0025,.0080,.025,.080,.25,.80,2.53,8",8
"173",SF295,NUTLIN3,".0025,.0080,.025,.080,.25,.80,2.53,8",8
"174",SKMEL2,NUTLIN3,".0025,.0080,.025,.080,.25,.80,2.53,8",8
"175",SKMEL5,NUTLIN3,".0025,.0080,.025,.080,.25,.80,2.53,8",8
"176",SKOV3,NUTLIN3,".0025,.0080,.025,.080,.25,.80,2.53,8",8
"177",SW620,NUTLIN3,".0025,.0080,.025,.080,.25,.80,2.53,8",8
"178",T47D,NUTLIN3,".0025,.0080,.025,.080,.25,.80,2.53,8",8
"179",UACC257,NUTLIN3,".0025,.0080,.025,.080,.25,.80,2.53,8",8
"180",UACC62,NUTLIN3,".0025,.0080,.025,.080,.25,.80,2.53,8",8
"181",7860,PACLITAXEL,,
"182",A549,PACLITAXEL,".0025,.0080,.025,.080,.25,.80,2.53,8",0.004999789
"183",ACHN,PACLITAXEL,".0025,.0080,.025,.080,.25,.80,2.53,8",0.095161244
"184",BT549,PACLITAXEL,".0025,.0080,.025,.080,.25,.80,2.53,8",0.005155943
"185",COLO205,PACLITAXEL,".0025,.0080,.025,.080,.25,.80,2.53,8",0.002542614
"186",DU145,PACLITAXEL,".0025,.0080,.025,.080,.25,.80,2.53,8",0.00808272
"187",HCT116,PACLITAXEL,".0025,.0080,.025,.080,.25,.80,2.53,8",0.004276503
"188",HCT15,PACLITAXEL,".0025,.0080,.025,.080,.25,.80,2.53,8",0.284276396
"189",HS578T,PACLITAXEL,".0025,.0080,.025,.080,.25,.80,2.53,8",8
"190",HT29,PACLITAXEL,".0025,.0080,.025,.080,.25,.80,2.53,8",8
"191",IGROV1,PACLITAXEL,".0025,.0080,.025,.080,.25,.80,2.53,8",0.027501697
"192",LOXIMVI,PACLITAXEL,".0025,.0080,.025,.080,.25,.80,2.53,8",0.004568389
"193",MALME3M,PACLITAXEL,".0025,.0080,.025,.080,.25,.80,2.53,8",0.017527899
"194",MCF7,PACLITAXEL,".0025,.0080,.025,.080,.25,.80,2.53,8",8
"195",MDAMB468,PACLITAXEL,".0025,.0080,.025,.080,.25,.80,2.53,8",8
"196",NCIH226,PACLITAXEL,".0025,.0080,.025,.080,.25,.80,2.53,8",8
"197",NCIH23,PACLITAXEL,".0025,.0080,.025,.080,.25,.80,2.53,8",0.003537219
"198",NCIH460,PACLITAXEL,".0025,.0080,.025,.080,.25,.80,2.53,8",0.029035103
"199",NCIH522,PACLITAXEL,".0025,.0080,.025,.080,.25,.80,2.53,8",0.011133007
"200",OVCAR4,PACLITAXEL,".0025,.0080,.025,.080,.25,.80,2.53,8",0.008228295
"201",OVCAR8,PACLITAXEL,".0025,.0080,.025,.080,.25,.80,2.53,8",0.005111858
"202",PC3,PACLITAXEL,".0025,.0080,.025,.080,.25,.80,2.53,8",0.017974542
"203",SF295,PACLITAXEL,".0025,.0080,.025,.080,.25,.80,2.53,8",0.03881523
"204",SKMEL2,PACLITAXEL,".0025,.0080,.025,.080,.25,.80,2.53,8",0.026818315
"205",SKMEL5,PACLITAXEL,".0025,.0080,.025,.080,.25,.80,2.53,8",8
"206",SKOV3,PACLITAXEL,".0025,.0080,.025,.080,.25,.80,2.53,8",0.013747575
"207",SW620,PACLITAXEL,".0025,.0080,.025,.080,.25,.80,2.53,8",0.002583542
"208",T47D,PACLITAXEL,".0025,.0080,.025,.080,.25,.80,2.53,8",8
"209",UACC257,PACLITAXEL,".0025,.0080,.025,.080,.25,.80,2.53,8",8
"210",UACC62,PACLITAXEL,".0025,.0080,.025,.080,.25,.80,2.53,8",0.015443877
"211",7860,PF2341066,,
"212",A549,PF2341066,".0025,.0080,.025,.080,.25,.80,2.53,8",5.782162189
"213",ACHN,PF2341066,".0025,.0080,.025,.080,.25,.80,2.53,8",8
"214",BT549,PF2341066,".0025,.0080,.025,.080,.25,.80,2.53,8",7.568719387
"215",COLO205,PF2341066,".0025,.0080,.025,.080,.25,.80,2.53,8",3.658572674
"216",DU145,PF2341066,".0025,.0080,.025,.080,.25,.80,2.53,8",7.105298996
"217",HCT116,PF2341066,".0025,.0080,.025,.080,.25,.80,2.53,8",7.049741268
"218",HCT15,PF2341066,".0025,.0080,.025,.080,.25,.80,2.53,8",8
"219",HS578T,PF2341066,".0025,.0080,.025,.080,.25,.80,2.53,8",8
"220",HT29,PF2341066,".0025,.0080,.025,.080,.25,.80,2.53,8",7.508038998
"221",IGROV1,PF2341066,".0025,.0080,.025,.080,.25,.80,2.53,8",8
"222",LOXIMVI,PF2341066,".0025,.0080,.025,.080,.25,.80,2.53,8",5.29121542
"223",MALME3M,PF2341066,".0025,.0080,.025,.080,.25,.80,2.53,8",5.954421997
"224",MCF7,PF2341066,".0025,.0080,.025,.080,.25,.80,2.53,8",0.122591665
"225",MDAMB468,PF2341066,".0025,.0080,.025,.080,.25,.80,2.53,8",5.620063782
"226",NCIH226,PF2341066,".0025,.0080,.025,.080,.25,.80,2.53,8",8
"227",NCIH23,PF2341066,".0025,.0080,.025,.080,.25,.80,2.53,8",8
"228",NCIH460,PF2341066,".0025,.0080,.025,.080,.25,.80,2.53,8",8
"229",NCIH522,PF2341066,".0025,.0080,.025,.080,.25,.80,2.53,8",8
"230",OVCAR4,PF2341066,".0025,.0080,.025,.080,.25,.80,2.53,8",8
"231",OVCAR8,PF2341066,".0025,.0080,.025,.080,.25,.80,2.53,8",7.620050907
"232",PC3,PF2341066,".0025,.0080,.025,.080,.25,.80,2.53,8",8
"233",SF295,PF2341066,".0025,.0080,.025,.080,.25,.80,2.53,8",4.456161499
"234",SKMEL2,PF2341066,".0025,.0080,.025,.080,.25,.80,2.53,8",8
"235",SKMEL5,PF2341066,".0025,.0080,.025,.080,.25,.80,2.53,8",8
"236",SKOV3,PF2341066,".0025,.0080,.025,.080,.25,.80,2.53,8",8
"237",SW620,PF2341066,".0025,.0080,.025,.080,.25,.80,2.53,8",3.128878593
"238",T47D,PF2341066,".0025,.0080,.025,.080,.25,.80,2.53,8",8
"239",UACC257,PF2341066,".0025,.0080,.025,.080,.25,.80,2.53,8",8
"240",UACC62,PF2341066,".0025,.0080,.025,.080,.25,.80,2.53,8",8
"241",7860,SORAFENIB,,
"242",A549,SORAFENIB,".0025,.0080,.025,.080,.25,.80,2.53,8",6.775072098
"243",ACHN,SORAFENIB,".0025,.0080,.025,.080,.25,.80,2.53,8",8
"244",BT549,SORAFENIB,".0025,.0080,.025,.080,.25,.80,2.53,8",6.408694744
"245",COLO205,SORAFENIB,".0025,.0080,.025,.080,.25,.80,2.53,8",3.55977869
"246",DU145,SORAFENIB,".0025,.0080,.025,.080,.25,.80,2.53,8",8
"247",HCT116,SORAFENIB,".0025,.0080,.025,.080,.25,.80,2.53,8",6.208874226
"248",HCT15,SORAFENIB,".0025,.0080,.025,.080,.25,.80,2.53,8",7.161734104
"249",HS578T,SORAFENIB,".0025,.0080,.025,.080,.25,.80,2.53,8",8
"250",HT29,SORAFENIB,".0025,.0080,.025,.080,.25,.80,2.53,8",8
"251",IGROV1,SORAFENIB,".0025,.0080,.025,.080,.25,.80,2.53,8",6.602256298
"252",LOXIMVI,SORAFENIB,".0025,.0080,.025,.080,.25,.80,2.53,8",8
"253",MALME3M,SORAFENIB,".0025,.0080,.025,.080,.25,.80,2.53,8",7.791688919
"254",MCF7,SORAFENIB,".0025,.0080,.025,.080,.25,.80,2.53,8",8
"255",MDAMB468,SORAFENIB,".0025,.0080,.025,.080,.25,.80,2.53,8",2.424199783
"256",NCIH226,SORAFENIB,".0025,.0080,.025,.080,.25,.80,2.53,8",8
"257",NCIH23,SORAFENIB,".0080,.025,.080,.25,.80,2.53,8",8
"258",NCIH460,SORAFENIB,".0025,.0080,.025,.080,.25,.80,2.53,8",8
"259",NCIH522,SORAFENIB,".0025,.0080,.025,.080,.25,.80,2.53,8",8
"260",OVCAR4,SORAFENIB,".0025,.0080,.025,.080,.25,.80,2.53,8",5.216080189
"261",OVCAR8,SORAFENIB,".0025,.0080,.025,.080,.25,.80,2.53,8",6.164680958
"262",PC3,SORAFENIB,".0025,.0080,.025,.080,.25,.80,2.53,8",8
"263",SF295,SORAFENIB,".0025,.0080,.025,.080,.25,.80,2.53,8",8
"264",SKMEL2,SORAFENIB,".0025,.0080,.025,.080,.25,.80,2.53,8",8
"265",SKMEL5,SORAFENIB,".0025,.0080,.025,.080,.25,.80,2.53,8",7.074476242
"266",SKOV3,SORAFENIB,".0025,.0080,.025,.080,.25,.80,2.53,8",8
"267",SW620,SORAFENIB,".0025,.0080,.025,.080,.25,.80,2.53,8",8
"268",T47D,SORAFENIB,".0025,.0080,.025,.080,.25,.80,2.53,8",8
"269",UACC257,SORAFENIB,".0025,.0080,.025,.080,.25,.80,2.53,8",8
"270",UACC62,SORAFENIB,".0025,.0080,.025,.080,.25,.80,2.53,8",8
"271",7860,TOPOTECAN,,
"272",A549,TOPOTECAN,".0025,.0080,.025,.080,.25,.80,2.53,8",0.938382328
"273",ACHN,TOPOTECAN,".0025,.0080,.025,.080,.25,.80,2.53,8",0.102092952
"274",BT549,TOPOTECAN,".0025,.0080,.025,.080,.25,.80,2.53,8",0.079294346
"275",COLO205,TOPOTECAN,".0025,.0080,.025,.080,.25,.80,2.53,8",0.069262683
"276",DU145,TOPOTECAN,".0025,.0080,.025,.080,.25,.80,2.53,8",0.410396844
"277",HCT116,TOPOTECAN,".0025,.0080,.025,.080,.25,.80,2.53,8",0.201158181
"278",HCT15,TOPOTECAN,".0025,.0080,.025,.080,.25,.80,2.53,8",0.402517259
"279",HS578T,TOPOTECAN,".0025,.0080,.025,.080,.25,.80,2.53,8",8
"280",HT29,TOPOTECAN,".0025,.0080,.025,.080,.25,.80,2.53,8",0.708593786
"281",IGROV1,TOPOTECAN,".0025,.0080,.025,.080,.25,.80,2.53,8",0.29051441
"282",LOXIMVI,TOPOTECAN,".0025,.0080,.025,.080,.25,.80,2.53,8",0.110076092
"283",MALME3M,TOPOTECAN,".0025,.0080,.025,.080,.25,.80,2.53,8",4.586944103
"284",MCF7,TOPOTECAN,".0025,.0080,.025,.080,.25,.80,2.53,8",0.700595081
"285",MDAMB468,TOPOTECAN,".0025,.0080,.025,.080,.25,.80,2.53,8",0.195560917
"286",NCIH226,TOPOTECAN,".0025,.0080,.025,.080,.25,.80,2.53,8",1.052712202
"287",NCIH23,TOPOTECAN,".0025,.0080,.025,.080,.25,.80,2.53,8",0.738976538
"288",NCIH460,TOPOTECAN,".0025,.0080,.025,.080,.25,.80,2.53,8",0.247599795
"289",NCIH522,TOPOTECAN,".0025,.0080,.025,.080,.25,.80,2.53,8",3.539058924
"290",OVCAR4,TOPOTECAN,".0025,.0080,.025,.080,.25,.80,2.53,8",0.22894901
"291",OVCAR8,TOPOTECAN,".0025,.0080,.025,.080,.25,.80,2.53,8",0.076904632
"292",PC3,TOPOTECAN,".0025,.0080,.025,.080,.25,.80,2.53,8",1.130956054
"293",SF295,TOPOTECAN,".0025,.0080,.025,.080,.25,.80,2.53,8",0.350752532
"294",SKMEL2,TOPOTECAN,".0025,.0080,.025,.080,.25,.80,2.53,8",0.269802178
"295",SKMEL5,TOPOTECAN,".0025,.0080,.025,.080,.25,.80,2.53,8",0.366303653
"296",SKOV3,TOPOTECAN,".0025,.0080,.025,.080,.25,.80,2.53,8",0.610328019
"297",SW620,TOPOTECAN,".0025,.0080,.025,.080,.25,.80,2.53,8",0.110754557
"298",T47D,TOPOTECAN,".0025,.0080,.025,.080,.25,.80,2.53,8",2.112178564
"299",UACC257,TOPOTECAN,".0025,.0080,.025,.080,.25,.80,2.53,8",2.068000317
"300",UACC62,TOPOTECAN,".0025,.0080,.025,.080,.25,.80,2.53,8",0.212087214
